{"0":{"ballInfo":{"accRel":[0,0],"ballAge":-1,"bboxHeight":0,"bboxWidth":0,"camera":0,"cameraNext":0,"found":false,"posImage":[0,0],"posRel":[0,0],"radius":0,"velRel":[0,0]},"batterySensors":[2.9000000953674316,-0.98900002241134644,0.20000000298023224,2.9000000953674316],"currentStepLeg":2,"fieldHeight":7,"fieldWidth":10,"footOnGround":3,"fsrSensors":[0.23547156155109406,0,0.66906368732452393,0.16452485322952271,1.0690600872039795,-0.0080214962363243103,0.022359061986207962,0,0.32141208648681641,0.16732221841812134,0.52226781845092773,1.0110020637512207,0.0020103426650166512,-0.021790435537695885],"gameCommThreadPeriod":1000,"gameData":null,"goalInfo":{"found":false,"leftPost":[0,0],"mid":[0,0],"poseFromGoal":[[0,0,0]],"rightPost":[0,0],"type":2},"heartBeat":960,"inertialSensors":[0.0063915867358446121,0.0063915867358446121,0.0063915867358446121,-0.0076697510667145252,-0.0061361151747405529,0.0034514567814767361,0.49816408753395081,-0.076640628278255463,-10.461445808410645],"jointCurrentSensors":[0,0,0,0,0,0,0,0,0,0,0,0,0,0,0,0,0,0,0,0,0,0,0,0],"jointPositionSensors":[0.26380610466003418,0.018366098403930664,1.478734016418457,0.2269899845123291,-1.0232200622558594,-0.58748006820678711,-1.7488021850585938,1.4281959533691406,-0.13810205459594727,1.1535260677337646,0.21786999702453613,1.1842060089111328,-0.25613594055175781,-0.088930130004882812,-0.74088001251220703,2.1490921974182129,-1.1980957984924316,0.072139978408813477,-0.25613594055175781,0.10435390472412109,-0.73176002502441406,2.1338357925415039,-1.2148860692977905,-0.095066070556640625],"jointStiffnessSensors":[0,0,0,0,0,0,0,0,0,0,0,0,0,0,0,0,0,0,0,0,0,0,0,0],"jointTemperatureSensors":[38,38,38,38,38,38,38,38,38,38,38,38,33,27,27,27,27,27,33,27,27,27,27,27],"kickTarget":[0,0],"lFootOnGround":[[0.98663896322250366,-0.16123789548873901,0.023364052176475525,-0.016415376216173172],[0.16034647822380066,0.98640346527099609,0.036017227917909622,0.035831082612276077],[-0.028853712603449821,-0.031789645552635193,0.99907791614532471,-0.22473283112049103],[0,0,0,1]],"landmarksFound":false,"lastKnownPose2D":{"pose2D":[[-1000,-1000,-1000]]},"ledSensors":[1,1,1,1,1,1,1,1,1,1,1,1,1,1,1,1,1,1,1,1,1,1,1,1,1,1,1,1,1,1,1,1,1,1,1,1,1,1,1,1,1,1,1,1,1,1,1,1,1,1,1,1,1,1,1,1,1,1,1,1,1,1,1,1,1,1,1,1,0,0,0,1,1,1,1,1,1,1,1,1,1,1,1,1,0,0,0,0,0],"localizationThreadPeriod":50,"localizeWithLastKnown":false,"lowerCamInFeet":[[0.41154888272285461,-0.91132724285125732,0.010501555167138577,0.078185729682445526],[-0.62870651483535767,-0.29222372174263,-0.72064787149429321,0.33633717894554138],[0.65981477499008179,0.289979487657547,-0.69322168827056885,0.1785176545381546],[0,0,0,1]],"mBehaviorInfo":null,"motionThreadPeriod":10,"moveTarget":{"pose2D":[[0,0,0]]},"nFootsteps":0,"obstaclesComm":null,"obstaclesObs":null,"occupancyMap":{"originPose":[500,350,0],"resolution":0.0099999997764825821},"pBehaviorInfo":{"name":"RequestBehavior","fsmState":"Unimplemetned","ConfigTree":{"baseType":2,"id":0,"logData":false,"maxRuntime":9999,"requestedBehavior":"TestSuite/VisionTestSuite.json","requestedPosture":"","startWaitTime":0,"type":0},"finished":false,"initiated":true,"running":true},"planningState":0,"planningThreadPeriod":100,"playerNumber":4,"positionConfidence":0,"postureState":17,"rFootOnGround":[[0.9871063232421875,0.16005487740039825,0.0018409139011055231,-0.01552968006581068],[-0.15996250510215759,0.98681873083114624,-0.024512970820069313,-0.034783624112606049],[-0.0057401028461754322,0.023902416229248047,0.99969780445098877,-0.22591546177864075],[0,0,0,1]],"robocupRole":-1,"robotFallen":false,"robotInMotion":false,"robotIntention":-1,"robotLocalized":false,"robotOnSideLine":false,"robotPose2D":{"pose2D":[[0,0,0]]},"sBehaviorInfo":{"name":"RequestBehavior","fsmState":"Unimplemetned","ConfigTree":null,"finished":false,"initiated":false,"running":false},"sbThreadPeriod":100,"sideConfidence":0,"sonarSensors":[0,0,0,0,0,0,0,0,0,0,0,0,0,0,0,0,0,0,0,0],"stiffnessState":4,"switchSensors":[0,0,0,0,0],"teamColor":1,"teamNumber":30,"teamPort":10030,"teamRobots":[{"ballAge":-1,"ballPos":[0,0],"ballVel":[0,0],"dataReceived":false,"fallen":0,"id":-1,"intention":4,"pose":[[0,0,0]],"positionConfidence":0,"shootingTo":[0,0],"sideConfidence":0,"suggestionToMe":0,"walkingTo":[0,0]},{"ballAge":-1,"ballPos":[0,0],"ballVel":[0,0],"dataReceived":false,"fallen":0,"id":-1,"intention":4,"pose":[[0,0,0]],"positionConfidence":0,"shootingTo":[0,0],"sideConfidence":0,"suggestionToMe":0,"walkingTo":[0,0]},{"ballAge":-1,"ballPos":[0,0],"ballVel":[0,0],"dataReceived":false,"fallen":0,"id":-1,"intention":4,"pose":[[0,0,0]],"positionConfidence":0,"shootingTo":[0,0],"sideConfidence":0,"suggestionToMe":0,"walkingTo":[0,0]},{"ballAge":-1,"ballPos":[0,0],"ballVel":[0,0],"dataReceived":false,"fallen":0,"id":-1,"intention":4,"pose":[[0,0,0]],"positionConfidence":0,"shootingTo":[0,0],"sideConfidence":0,"suggestionToMe":0,"walkingTo":[0,0]},{"ballAge":-1,"ballPos":[0,0],"ballVel":[0,0],"dataReceived":false,"fallen":0,"id":-1,"intention":4,"pose":[[0,0,0]],"positionConfidence":0,"shootingTo":[0,0],"sideConfidence":0,"suggestionToMe":0,"walkingTo":[0,0]}],"touchSensors":[0,0,0,0,0,0,0,0,0],"upperCamInFeet":[[0.41154888272285461,-0.91132724285125732,0.010501555167138577,0.078185729682445526],[-0.081282593309879303,-0.048178452998399734,-0.99552589654922485,0.42040720582008362],[0.90775567293167114,0.40885400772094727,-0.093902856111526489,-0.076704002916812897],[0,0,0,1]],"userCommThreadPeriod":50,"visionThreadPeriod":50,"whistleDetected":false,"worldBallInfo":{"found":false,"posWorld":[0,0],"velWorld":[0,0]}}}
