{
   "visionBottom" : {
      "calibration" : {
         "aeTargetGain" : 9,
         "autoExposition" : 1,
         "autoWhiteBalance" : 1,
         "backlightCompensation" : 0,
         "brightness" : 184,
         "contrast" : 57,
         "exposure" : 120,
         "exposureAlgorithm" : 1,
         "fadeToBlack" : 0,
         "freq" : 1,
         "gain" : 255,
         "gamma" : 199,
         "horizontalFlip" : 0,
         "hue" : -8,
         "maxDigAnalogGain" : 1,
         "maxVirtAnalogGain" : 8,
         "minDigAnalogGain" : 1,
         "minVirtAnalogGain" : 4,
         "saturation" : 190,
         "sharpness" : -1,
         "verticalFlip" : 0,
         "whiteBalance" : 5800
      },
      "distortion" : {
         "a" : -0.07174591970809753,
         "b" : -0.063739808632793299,
         "c" : 0.0,
         "d" : 0.0,
         "e" : 0.25125842990996511
      },
      "intrinsic" : {
         "centerOffX" : 159.62853673654743,
         "centerOffY" : 94.405376076108183,
         "focalX" : 278.28827060205111,
         "focalY" : 277.52190332491591,
         "fovX" : 60.969999999999999,
         "fovY" : 47.640000000000001
      },
      "subscription" : {
         "cameraName" : "visionBottom",
         "colorSpace" : 9,
         "fps" : 15,
         "height" : 240,
         "width" : 320
      }
   },
   "visionTop" : {
      "calibration" : {
         "aeTargetGain" : 9,
         "autoExposition" : 1,
         "autoWhiteBalance" : 1,
         "backlightCompensation" : 0,
         "brightness" : 132,
         "contrast" : 41,
         "exposure" : 175,
         "exposureAlgorithm" : 1,
         "fadeToBlack" : 0,
         "freq" : 1,
         "gain" : 255,
         "gamma" : 202,
         "horizontalFlip" : 1,
         "hue" : -13,
         "maxDigAnalogGain" : 1,
         "maxVirtAnalogGain" : 8,
         "minDigAnalogGain" : 1,
         "minVirtAnalogGain" : 4,
         "saturation" : 154,
         "sharpness" : 1,
         "verticalFlip" : 1,
         "whiteBalance" : 5800
      },
      "distortion" : {
         "a" : -0.052008598784381153,
         "b" : -0.1790651768277631,
         "c" : 0.0,
         "d" : 0.0,
         "e" : 0.53553955026644418
      },
      "intrinsic" : {
         "centerOffX" : 335.00628303282639,
         "centerOffY" : 224.73281659899209,
         "focalX" : 553.99902676558611,
         "focalY" : 554.03189767641072,
         "fovX" : 60.969999999999999,
         "fovY" : 47.640000000000001
      },
      "subscription" : {
         "cameraName" : "visionTop",
         "colorSpace" : 9,
         "fps" : 15,
         "height" : 480,
         "width" : 640
      }
   }
}
