{
    "visionTop": {
        "subscription": {
            "cameraName": "visionTop",
            "width": 640,
            "height": 480,
            "colorSpace": 9,
            "fps": 15,
            "resolution" : 2
        },
        "distortion" : {
           "a" : -0.077989486392337812,
           "b" : 0.013739612520285365,
           "c" : 0.0,
           "d" : 0.0,
           "e" : 0.28498630071431497
        },
        "intrinsic" : {
           "centerOffX" : 330.95635904616051,
           "centerOffY" : 234.24446256804708,
           "focalX" : 554.56140339514309,
           "focalY" : 553.39628114654931,
           "fovX" : 60.969999999999999,
           "fovY" : 47.640000000000001
        },
        "calibration" : {
           "aeTargetGain" : 9,
           "autoExposition" : 1,
           "autoWhiteBalance" : 1,
           "backlightCompensation" : 0,
           "brightness" : 132,
           "contrast" : 41,
           "exposure" : 175,
           "exposureAlgorithm" : 1,
           "fadeToBlack" : 0,
           "freq" : 1,
           "gain" : 255,
           "gamma" : 202,
           "horizontalFlip" : 1,
           "hue" : 0,
           "maxDigAnalogGain" : 1,
           "maxVirtAnalogGain" : 8,
           "minDigAnalogGain" : 1,
           "minVirtAnalogGain" : 4,
           "saturation" : 154,
           "sharpness" : 1,
           "verticalFlip" : 1,
           "whiteBalance" : 5800
        }
    },
    "visionBottom": {
        "subscription": {
            "cameraName": "visionBottom",
            "width": 320,
            "height": 240,
            "colorSpace": 9,
            "fps": 15,
            "resolution" : 1
        },
        "distortion" : {
           "a" : -0.07175494512379775,
           "b" : -0.010522567729039659,
           "c" : 0.0,
           "d" : 0.0,
           "e" : 0.20447424898696695
        },
        "intrinsic" : {
           "centerOffX" : 156.80068232260953,
           "centerOffY" : 112.23986496971249,
           "focalX" : 277.87945088421793,
           "focalY" : 277.42388638058134,
           "fovX" : 60.969999999999999,
           "fovY" : 47.640000000000001
        },
        "calibration": {
            "aeTargetGain" : 9,
            "autoExposition" : 1,
            "autoWhiteBalance" : 1,
            "backlightCompensation" : 0,
            "brightness" : 126,
            "contrast" : 51,
            "exposure" : 120,
            "exposureAlgorithm" : 1,
            "fadeToBlack" : 0,
            "freq" : 1,
            "gain" : 255,
            "gamma" : 199,
            "horizontalFlip" : 0,
            "hue" : 0,
            "maxDigAnalogGain" : 1,
            "maxVirtAnalogGain" : 8,
            "minDigAnalogGain" : 1,
            "minVirtAnalogGain" : 4,
            "saturation" : 160,
            "sharpness" : 2,
            "verticalFlip" : 0,
            "whiteBalance" : 5800
        }
    }
}
