{
  "baseType" : 2,
  "id" : 5,
  "maxRuntime" : 9999,
  "type" : 3,
  "startState" : "FollowBall",
  "startPose" : [-1.59636, -0.821728, 3.01478],
  "goalPose" : [-2.59636, -0.821728, 3.01478],
  "logData" : false
}
