{
   "visionBottom" : {
      "calibration" : {
         "aeTargetGain" : 9,
         "autoExposition" : 1,
         "autoWhiteBalance" : 1,
         "backlightCompensation" : 0,
         "brightness" : 126,
         "contrast" : 51,
         "exposure" : 120,
         "exposureAlgorithm" : 1,
         "fadeToBlack" : 0,
         "freq" : 1,
         "gain" : 255,
         "gamma" : 199,
         "horizontalFlip" : 0,
         "hue" : -15,
         "maxDigAnalogGain" : 1,
         "maxVirtAnalogGain" : 8,
         "minDigAnalogGain" : 1,
         "minVirtAnalogGain" : 4,
         "saturation" : 160,
         "sharpness" : 2,
         "verticalFlip" : 0,
         "whiteBalance" : 5800
      },
      "distortion" : {
         "a" : -1.5387200626156887e-02,
         "b" : -4.5787425480480265e-01,
         "c" : 0.0,
         "d" : 0.0,
         "e" : 1.3158960661410695e+00
      },
      "intrinsic" : {
         "centerOffX" : 7.8872924497374470e+01,
         "centerOffY" : 5.6450373043181209e+01,
         "focalX" : 1.4242925072499841e+02,
         "focalY" : 1.4239137222629338e+02,
         "fovX" : 60.969999999999999,
         "fovY" : 47.640000000000001
      },
      "subscription" : {
         "cameraName" : "visionBottom",
         "colorSpace" : 9,
         "fps" : 15,
         "height" : 240,
         "width" : 320
      }
   },
   "visionTop" : {
      "calibration" : {
         "aeTargetGain" : 9,
         "autoExposition" : 1,
         "autoWhiteBalance" : 1,
         "backlightCompensation" : 0,
         "brightness" : 132,
         "contrast" : 41,
         "exposure" : 175,
         "exposureAlgorithm" : 1,
         "fadeToBlack" : 0,
         "freq" : 1,
         "gain" : 255,
         "gamma" : 202,
         "horizontalFlip" : 1,
         "hue" : -13,
         "maxDigAnalogGain" : 1,
         "maxVirtAnalogGain" : 8,
         "minDigAnalogGain" : 1,
         "minVirtAnalogGain" : 4,
         "saturation" : 154,
         "sharpness" : 1,
         "verticalFlip" : 1,
         "whiteBalance" : 5800
      },
      "distortion" : {
         "a" : -7.5272771561047364e-02,
         "b" : 8.9603417038931384e-03,
         "c" : 0.0,
         "d" : 0.0,
         "e" : 1.9674977497011578e-01
      },
      "intrinsic" : {
         "centerOffX" : 3.2560004211685089e+02,
         "centerOffY" : 2.2968491492884655e+02,
         "focalX" : 5.5190352533801286e+02,
         "focalY" : 5.5018821705824689e+02,
         "fovX" : 60.969999999999999,
         "fovY" : 47.640000000000001
      },
      "subscription" : {
         "cameraName" : "visionTop",
         "colorSpace" : 9,
         "fps" : 15,
         "height" : 480,
         "width" : 640
      }
   }
}
